id,title,author
52,관계의 종말,김용키
62,삼국지톡,무적핑크 / 이리
108,2020 최애캐의 MBTI,웹툰작가
206,외모지상주의,박태준
207,갓 오브 하이스쿨,박용제
208,데드퀸,김규삼
209,재혼 황후,알파타르트 / 숨풀
210,뫼신 사냥꾼,윤현승 / 방승현
211,1초,시니 / 광운
212,개를 낳았다,이선
213,살人스타그램,령
214,화장 지워주는 남자,이연
215,더 게이머,성상영 / 상아
216,낙향문사전,바킹독 / 고기산적
217,걸어서 30분,이온도
218,난약,정현주 / 박진환
219,성경의 역사,최경민 / 영모
220,구남친이 내게 반했다,강하다 / 희똑
221,냐한남자,올소
222,사냥개들,정찬
223,현혹,홍작가
224,플레이어,박종석 / 오현준
225,복학생 정순이,한짜장
226,백년게임,하람 / 지야
227,옆집친구,이한솔
228,피와 나비,레민
229,소심한 팔레트,한민기
230,고래별,나윤희
231,금혼령-조선혼인금지령,천지혜 / 산책
232,상남자,도가도
233,가슴털 로망스,갸오오
234,신상 미스터리 극장,신상윤
235,얌전한 사이,JQ / 이진영
236,닥터 프로스트 시즌 3~4,이종범
237,도롱이,사이사
238,후덜덜덜 남극전자,김민혁
239,매지컬 메디컬,지공
240,너의 미소가 함정,앵고
241,구독금지,김이연
242,사우러스,이노
243,버그,해마 / 송지형
244,트럼프,이채은
245,개미,재희
246,9등급 뒤집기,아백
247,몽홀,장태산
248,감히,희나리
249,꼬맹이를 부탁해!,마라링
250,헬로도사,웅비
251,스윗솔티,달삐
252,나쁜 쪽으로,오은 / 이세릴
253,합법해적 파르페,뼈피살
254,구주의 시간,송극장
255,나의 첫번째 새벽,신매
256,골든 체인지,브림스